Label,Precision,Recall,F1-Score,Support
Fail/Marginal,0.7935808684707363,0.7856697819314642,0.7896055103318722,1605.0
Success (>0%),0.7512653651482285,0.7600585223116313,0.7556363636363637,1367.0
macro avg,0.7724231168094824,0.7728641521215478,0.7726209369841179,2972.0
weighted avg,0.7741174455091386,0.7738896366083445,0.7739810744190996,2972.0
