Label,Precision,Recall,F1-Score,Support
Fail/Marginal,0.7857142857142857,0.616822429906542,0.6910994764397905,321.0
Success (>0%),0.641399416909621,0.8029197080291971,0.713128038897893,274.0
macro avg,0.7135568513119533,0.7098710689678696,0.7021137576688418,595.0
weighted avg,0.7192566822647427,0.7025210084033613,0.7012437220087318,595.0
