Market Capitalization Stratum,N,%
Micro (<$10M),289,9.90743914981145
Small ($10M-$100M),1182,40.52108330476517
Mid ($100M-$1B),967,33.15049708604731
Large (>$1B),479,16.42098045937607
