Market Capitalization Stratum,N,%
Micro (<10M USD),289,9.90743914981145
Small (10M USD-100M USD),1182,40.52108330476517
Mid (100M USD-1B USD),967,33.15049708604731
Large (>1B USD),479,16.42098045937607
