feature,VIF
hype_intensity,1.1889587563329564
urgency_index,1.1570528137823768
instruction_density,1.1262141746261396
